"residential_id","problem","pestcontrol_id","service_id","meter_id","client_id","residential_address","date","time","price","type","notification","confirm","status","soft_delete"
"1","naay daghanag ok2 sa among balay","1","200","700","Fhage Tigley","Cebu City","2019-02-04","07:00","900.00","residential","0","0","Pending","1"
"2","sample","1","200","200","Fhage Tigley","sample","2019-02-04","07:00","400.00","residential","0","0","Confirm","1"
"3","s","1","200","400","2","s","2019-02-04","07:00","600.00","residential","0","0","Pending","1"
"4","sample","1","200","700","25","cebu city","2019-02-03","10:30","900.00","residential","0","0","Pending","1"
"5","daghang anay sa among balay","1","200","600","Fhage Tigley","cebu city","2019-02-04","07:00","800.00","residential","0","0","Confirm","1"
"6","sample","1","200","600","vince","Cebu City","2019-02-04","10:30","800.00","residential","0","0","Confirm","1"
"7","sample","1","200","900","25","sample","2019-02-04","10:30","1100.00","residential","0","0","Confirm","1"
"8","this is sample","1","200","600","2","cebu city","2019-02-04","07:00","800.00","residential","0","0","Confirm","1"
"9","sample","1","200","1","Fhage Tigley","cebu city","2/7/2019","7:00am","300.00","residential","0","0","Confirm","1"
"10","daghan kayo ok2 diri","1","200","1","2","cebu city","2/7/2019","7:00am","300.00","residential","0","0","Confirm","1"
"11","dadasd","1","200","400","Fhage Tigley","dasdas","2019-02-04","07:00","600.00","residential","0","0","Confirm","1"
"12","daghan kayo mga anay diri","1","200","400","Fhage Tigley","cebu city","2019-02-04","07:00","600.00","residential","0","0","Confirm","1"
"13","s","1","200","1","Fhage Tigley","s","2/12/2019","12:30","300.00","residential","0","0","Confirm","1"
"14","sample","1","200","400","Fhage Tigley","sample","2019-02-04","07:00","600.00","residential","0","0","Confirm","1"
"15","sample","4","100","500","Fhage Tigley","cebu city","2019-02-04","07:00","600.00","residential","0","0","Confirm","1"
"16","s","1","200","400","Fhage Tigley","s","2019-02-04","07:00","600.00","residential","0","0","Confirm","1"
"17","sample","1","200","400","Fhage Tigley","cebu city","2019-02-07","07:00","600.00","residential","0","0","Confirm","1"
"18","s","1","200","400","Fhage Tigley","s","2019-02-07","07:00","600.00","residential","0","0","Confirm","1"
"19","a","1","200","400","Fhage Tigley","a","2019-02-07","07:00","600.00","residential","0","0","Confirm","1"
"20","a","1","200","400","Fhage Tigley","a","2019-02-07","07:00","600.00","residential","0","0","Confirm","1"
"21","sample","1","200","700","Fhage Tigley","cebu city","2019-02-07","07:00","900.00","residential","0","0","Confirm","1"
"22","a","1","200","600","Fhage Tigley","cebu city","2019-02-07","00:30","800.00","residential","0","0","Confirm","1"
"23","sample","1","200","700","Fhage Tigley","cebu city","2019-02-12","12:00","900.00","residential","0","0","Confirm","1"
"24","a","1","200","700","Fhage Tigley","cebu city","2019-02-07","17:30","900.00","residential","0","0","Confirm","1"
"25","naay ok2 ang akong balayc","4","100","1","Fhage Tigley","cebu city","2/5/2019","7:00am","200.00","residential","0","0","Confirm","1"
"26","naay ok2 ang akong balayc","4","100","1","Fhage Tigley","cebu city","2/5/2019","7:00am","200.00","residential","0","0","Confirm","1"
"27","naay daghanag ok2 sa among balay","1","200","700","Fhage Tigley","cebu city","2019-02-07","07:00","900.00","residential","0","0","Confirm","1"
"28","sample","4","100","500","Fhage Tigley","cebu city","2019-02-12","12:40","600.00","residential","0","0","Confirm","1"
"29","naay daghanag ok2 sa among balay","4","100","400","Fhage Tigley","cebu city","2019-02-12","12:40","500.00","residential","0","0","Confirm","1"
"30","sample","1","200","1","Fhage Tigley","cebu city","2/27/2019","7:00am","300.00","residential","0","0","Confirm","1"
"31","samples","1","200","700","Fhage Tigley","cebu city","2019-02-12","07:00","900.00","residential","0","0","Confirm","1"
"32","daghan ok2 diri","1","200","3001","Fhage Tigley","c.padilla st cebu city","2/12/2019","12:00pm","800.00","residential","0","0","Confirm","1"
"33","sample","1","200","1","vince","cebu city","2/12/2019","12:00am","300.00","residential","0","0","Confirm","1"
"34","sample","1","200","700","Fhage","cebu city","2019-02-12","12:00","900.00","residential","0","0","Confirm","0"
"35","sample","1","200","1","vince","cebu city","2/12/2019","4:00pm","300.00","residential","0","0","Confirm","1"
"36","sample","1","200","1","vince","sample","Feb 9, 2019","7:00am","300.00","residential","0","0","Confirm","1"
"37","","1","200","500","Fhage","","","","700.00","residential","0","0","Confirm","0"
"40","samples","1","200","400","Fhage","cebu city","2019-02-10","19:00:00","600.00","residential","0","0","Confirm","1"
"41","sample","1","200","500","Fhage","Cebu City","2019-02-10","19:00:00","700.00","residential","0","0","Confirm","1"
"42","sample","1","200","400","Fhage","cebu city","2019-02-10","07:00","600.00","residential","0","0","Confirm","1"
"43","samples","1","200","600","","","","","0.00","residential","0","0","Confirm","1"
"45","sample","1","200","1","account","cebu city","Feb 11, 2019","7:00am","300.00","residential","0","0","Confirm","0"
"46","sample","1","200","400","","","2019-02-14","07:00","600.00","residential","0","0","Confirm","1"
"47","samples","1","200","400","account","cebu city","2019-02-14","07:00","600.00","residential","0","0","Confirm","1"
"51","daghang anay sa among balay","1","200","500","account","C. Padilla Street, Cebu City","2019-02-15","07:30","700.00","residential","0","0","Confirm","1"
"52","naay daghan ok2 diri","1","300","1","account","cebu city","Feb 13, 2019","7:30am","400.00","residential","0","0","Confirm","1"
"53","sample daghan kayo ok2 diri","1","300","1","account","cebu city","Feb 14, 2019","10:30am","400.00","residential","0","0","Confirm","1"
"54","daghan kayo ok2 diri sa balay","1","300","400","thelma","cebu city","2019-02-16","07:30","700.00","residential","0","0","Confirm","1"
"56","naay daghan ok2 diri","1","300","1","thelma","cebu city","Feb 14, 2019","7:30am","400.00","residential","0","0","Confirm","1"
